{
  "type": "SimpleWidgetType",
  "handle": "favorites_products_page",
  "page_kinds": [
    "all"
  ],
  "widget_list_kinds": [
    "before_content",
    "content",
    "after_content",
    "header",
    "footer",
    "sidebar"
  ],
  "generation": 4,
  "name": {
    "ru": "Favorites products page(myappda)"
  },
  "description": {
    "ru": "Favorites products page(myappda)"
  },
  "widget_category_handle": "text",
  "libraries": [
    "commonjs_v2",
    "jquery",
    "swiper",
    "vanilla-lazyload",
    "my-layout"
  ]
}