{
  "type": "SimpleWidgetType",
  "handle": "preorder_myappda",
  "page_kinds": [
    "all"
  ],
  "widget_list_kinds": [
    "outside"
  ],
  "generation": 4,
  "name": {
    "ru": "Preorder(myappda)",
    "en": null,
    "ee": null,
    "lv": null,
    "lt": null,
    "ua": null,
    "fr": null,
    "de": null,
    "it": null,
    "cn": null,
    "jp": null,
    "pl": null,
    "az": null,
    "he": null,
    "bg": null,
    "el": null,
    "cz": null,
    "pt": null,
    "fi": null,
    "es": "Formulario de reserva - 1"
  },
  "description": {
    "ru": "Предзаказ",
    "en": null,
    "ee": null,
    "lv": null,
    "lt": null,
    "ua": null,
    "fr": null,
    "de": null,
    "it": null,
    "cn": null,
    "jp": null,
    "pl": null,
    "az": null,
    "he": null,
    "bg": null,
    "el": null,
    "cz": null,
    "pt": null,
    "fi": null,
    "es": ""
  },
  "widget_category_handle": "preorder",
  "libraries": [
    "jquery",
    "commonjs_v2",
    "my-layout"
  ]
}