{
  "content": [
    {
      "items": [

      ]
    }
  ],
  "design": [
    {
      "type": "group",
      "name": null,
      "items": [
        {
          "class": "text",
          "name": "form_title",
          "label": "{{ messages.form_title }}",
          "value": null,
          "type": "text"
        },
        {
          "class": "text",
          "name": "submit_btn_title",
          "label": "{{ messages.submit_btn_title }}",
          "value": null,
          "type": "text"
        },
        {
          "class": "checkbox",
          "name": "hide-use-agree",
          "label": "{{ messages.hide_use_agree }}",
          "value": null,
          "type": "checkbox"
        },
        {
          "class": "text",
          "name": "agree-link",
          "label": "{{ messages.agree_link }}",
          "value": null,
          "type": "text"
        },
        {
          "class": "text",
          "name": "success_message",
          "label": "{{ messages.success_message }}",
          "value": null,
          "type": "text"
        }
      ]
    },
    {
      "type": "group",
      "name": "{{ messages.background }}",
      "items": [
        {
          "name": "bg",
          "label": "{{ messages.widget_background_color }}",
          "value": "",
          "type": "color",
          "clearable": true
        }
      ]
    },
    {
      "type": "group",
      "name": "{{ messages.indentation }}",
      "items": [
        {
          "class": "range",
          "name": "layout-pt",
          "min": 0,
          "max": 10,
          "step": 0.5,
          "label": "{{ messages.padding_top }}",
          "type": "number",
          "with_btns": true,
          "unit": "vw"
        },
        {
          "class": "range",
          "name": "layout-pb",
          "min": 0,
          "max": 10,
          "step": 0.5,
          "label": "{{ messages.padding_bottom }}",
          "type": "number",
          "with_btns": true,
          "unit": "vw"
        }
      ]
    },
    {
      "type": "group",
      "name": "{{ messages.content }}",
      "items": [
        {
          "class": "number",
          "name": "layout-content-max-width",
          "min": 300,
          "max": 2000,
          "label": "{{ messages.content_max_width }}",
          "type": "number",
          "unit": "px",
          "hide_mobile": true
        }
      ]
    }
  ]
}
