{
  "layout-pt": 3,
  "layout-pb": 3,
  "layout-content-max-width": 480,
  "form_title": {
    "ru": "Подписаться",
    "en": "Restock",
    "ua": "Передзамовлення",
    "es": "Pedir una reserva"
  },
  "submit_btn_title": {
    "ru": "Отправить",
    "en": "Send",
    "ua": "Відправити",
    "es": "Enviar"
  },
  "hide-use-agree": false,
  "success_message": {
    "ru": "Предзаказ успешно оформлен!",
    "en": "Restock sent successfully!",
    "ua": "Передзамовлення успішно відправлен!",
    "es": "Pedido de reserva enviado con éxito!"
  }
}
